{
  "generated_at": "2026-01-03T10:45:25+09:00",
  "analysis_period_days": 30,
  "total_completed_tasks": 44,
  "active_days": 9,
  "weekday_category_matrix": {
    "Monday": {
      "high-priority": 3,
      "normal": 6
    },
    "Tuesday": {},
    "Wednesday": {
      "normal": 2
    },
    "Thursday": {},
    "Friday": {
      "high-priority": 7,
      "normal": 3
    },
    "Saturday": {
      "high-priority": 5,
      "untagged": 3,
      "normal": 3
    },
    "Sunday": {
      "high-priority": 3,
      "untagged": 9
    }
  },
  "category_totals": {
    "high-priority": 18,
    "untagged": 12,
    "normal": 14
  },
  "weekday_totals": {
    "Monday": 9,
    "Tuesday": 0,
    "Wednesday": 2,
    "Thursday": 0,
    "Friday": 10,
    "Saturday": 11,
    "Sunday": 12
  },
  "dominant_categories": {
    "Monday": [
      {
        "category": "normal",
        "count": 6,
        "percentage": 66.7
      },
      {
        "category": "high-priority",
        "count": 3,
        "percentage": 33.3
      }
    ],
    "Tuesday": [],
    "Wednesday": [
      {
        "category": "normal",
        "count": 2,
        "percentage": 100.0
      }
    ],
    "Thursday": [],
    "Friday": [
      {
        "category": "high-priority",
        "count": 7,
        "percentage": 70.0
      },
      {
        "category": "normal",
        "count": 3,
        "percentage": 30.0
      }
    ],
    "Saturday": [
      {
        "category": "high-priority",
        "count": 5,
        "percentage": 45.5
      }
    ],
    "Sunday": [
      {
        "category": "untagged",
        "count": 9,
        "percentage": 75.0
      }
    ]
  },
  "insights": [
    "Most common category overall: 'high-priority' (18 tasks, 40.9%)",
    "Busiest day: Sunday (12 completed tasks)",
    "Monday: Dominated by 'normal' (66.7%), 'high-priority' (33.3%)",
    "Friday: Dominated by 'high-priority' (70.0%), 'normal' (30.0%)",
    "Saturday: Dominated by 'high-priority' (45.5%)",
    "Sunday: Dominated by 'untagged' (75.0%)",
    "Light activity days: Wednesday"
  ]
}